time,tau_ref_traj,t_ld ,q_gear_meas,dq_meas,q_spring_meas,tau_sensor,rt_current,current_lpf,tau_mod
0.010428,-12.9146,0,-0.735352,0.363937,0.0333641,-14.2072,-3.45882,0,-12.521
0.019041,-12.9028,0,-0.731517,0.364416,0.0332682,-14.198,-12.1176,0,-12.4678
0.028028,-12.8907,0,-0.728833,0.350419,0.0333641,-14.2392,-10.4353,0,-12.4305
0.03888,-12.8785,0,-0.725861,0.362691,0.0335558,-14.3262,-6.09412,0,-12.389
0.048027,-12.8635,0,-0.722121,0.383687,0.0335558,-14.2301,-9.88235,0,-12.3368
0.056939,-12.8513,0,-0.718862,0.381865,0.03346,-14.0056,-9.09412,0,-12.291
0.065969,-12.839,0,-0.715506,0.362882,0.0331723,-13.8041,-6.31765,0,-12.2438
0.075059,-12.8265,0,-0.712246,0.344954,0.0329806,-13.6896,-10.6706,0,-12.1979
0.083969,-12.8142,0,-0.709178,0.322711,0.0329806,-13.7171,-6.65882,0,-12.1545
0.092852,-12.8019,0,-0.706302,0.30996,0.0329806,-13.8133,-10.2353,0,-12.1137
0.101314,-12.7904,0,-0.703618,0.320602,0.0330765,-13.9782,-10.5412,0,-12.0755
0.110013,-12.7782,0,-0.700933,0.333545,0.0331723,-14.1064,-10.5529,0,-12.0373
0.118884,-12.7658,0,-0.698441,0.336325,0.0332682,-14.1201,-10.6118,0,-12.0017
0.130196,-12.7533,0,-0.69566,0.329422,0.0331723,-14.1018,-11.1647,0,-11.9619
0.139415,-12.7379,0,-0.692209,0.316671,0.0330765,-14.0102,-10.2471,0,-11.9124
0.147906,-12.7253,0,-0.689141,0.295675,0.0328847,-13.8866,-8.70588,0,-11.8682
0.156889,-12.7127,0,-0.68684,0.275829,0.0327888,-13.8453,-10.3176,0,-11.835
0.165977,-12.7,0,-0.684347,0.264899,0.032693,-13.8499,-6.45882,0,-11.799
0.174843,-12.6874,0,-0.682142,0.249847,0.0327888,-13.9278,-11.5294,0,-11.7671
0.182898,-12.6761,0,-0.680033,0.248313,0.0327888,-14.0377,-7,0,-11.7365
0.192491,-12.6646,0,-0.678211,0.23422,0.0328847,-14.0194,-8.64706,0,-11.7101
0.201075,-12.6505,0,-0.676006,0.242848,0.0329806,-13.9507,-7.81176,0,-11.678
0.209886,-12.6377,0,-0.67428,0.243328,0.0329806,-13.8041,-5.45882,0,-11.6529
0.220606,-12.6249,0,-0.672267,0.228659,0.0328847,-13.6255,-11.0353,0,-11.6235
0.228888,-12.6105,0,-0.669966,0.209293,0.0327888,-13.4744,-7.85882,0,-11.5898
0.237774,-12.5976,0,-0.66824,0.202198,0.0325971,-13.3736,-6.25882,0,-11.5646
0.245848,-12.5861,0,-0.666515,0.184174,0.0325971,-13.4148,-9.68235,0,-11.5393
0.254307,-12.5745,0,-0.665077,0.173723,0.0325971,-13.4286,-11.6118,0,-11.5182
0.262815,-12.5616,0,-0.663543,0.160205,0.0325971,-12.9522,-8.21176,0,-11.4956
0.270924,-12.55,0,-0.662296,0.148509,0.032693,-13.6209,-10.9412,0,-11.4773
0.279209,-12.5383,0,-0.661146,0.136333,0.032693,-13.6988,-10.5529,0,-11.4603
0.287877,-12.5252,0,-0.659995,0.14103,0.032693,-13.6896,-2.32941,0,-11.4434
0.295931,-12.5136,0,-0.658845,0.135182,0.032693,-13.6392,-11.5882,0,-11.4264
0.303775,-12.502,0,-0.65779,0.122718,0.032693,-13.5934,-11.3882,0,-11.4109
0.31373,-12.4897,0,-0.656927,0.108337,0.032693,-13.566,-9.25882,0,-11.3981
0.322011,-12.4756,0,-0.655969,0.0800546,0.032693,-13.5568,-8,0,-11.3839
0.33091,-12.4623,0,-0.655202,0.0975995,0.0325971,-13.4927,-9.4,0,-11.3726
0.338885,-12.4505,0,-0.654339,0.0870534,0.0325012,-13.3141,-12.4118,0,-11.3598
0.346921,-12.4386,0,-0.653763,0.0850401,0.0325012,-13.2637,-10.7294,0,-11.3513
0.3559,-12.4254,0,-0.653092,0.0736311,0.0324053,-13.1858,-9.76471,0,-11.3413
0.363863,-12.4135,0,-0.652517,0.0679745,0.0323095,-13.0713,-10.3765,0,-11.3328
0.373666,-12.4016,0,-0.652038,0.060784,0.0323095,-13.0438,-11.7176,0,-11.3257
0.381925,-12.3866,0,-0.651558,0.0278034,0.0323095,-13.1217,-9.25882,0,-11.3186
0.390884,-12.3732,0,-0.651367,0.0241602,0.0324053,-13.2499,-9.68235,0,-11.3157
0.398859,-12.3613,0,-0.651175,0.0315425,0.0324053,-13.2499,-10.1529,0,-11.3129
0.406971,-12.3491,0,-0.650887,0.0262694,0.0324053,-13.195,-12.1294,0,-11.3086
0.414895,-12.3371,0,-0.650791,0.0184078,0.0324053,-13.2316,-11.1765,0,-11.3072
0.422795,-12.3252,0,-0.650791,0.0128471,0.0324053,-13.2637,-11.3059,0,-11.3072
0.430864,-12.3131,0,-0.650695,0.0115049,0.0324053,-13.2408,-10.6471,0,-11.3058
0.441959,-12.2963,0,-0.650695,0.00939563,0.0324053,-13.1767,-10.7765,0,-11.3058
0.450904,-12.2828,0,-0.650695,0.00747816,0.0323095,-13.0347,-11.3647,0,-11.3058
0.458854,-12.2706,0,-0.650695,0.00747816,0.0322136,-12.9019,-12.6471,0,-11.3058
0.467045,-12.2582,0,-0.650695,0.00719053,0.0321177,-12.8103,-13.0824,0,-11.3058
0.475854,-12.2447,0,-0.650791,0.00671117,0.0320218,-12.6866,-12.6941,0,-11.3072
0.483891,-12.2324,0,-0.650791,0.00632767,0.0318301,-12.5629,-12.7176,0,-11.3072
0.491853,-12.2202,0,-0.650791,0.0058483,0.0317342,-12.4805,-12.2941,0,-11.3072
0.499905,-12.2077,0,-0.650791,0.00556068,0.0316384,-12.3981,-12.4588,0,-11.3072
0.508806,-12.194,0,-0.650791,0.00556068,0.0314466,-12.3477,-13.6235,0,-11.3072
0.516849,-12.1816,0,-0.650791,0.00191748,0.0314466,-12.3248,-13.5294,0,-11.3072
0.524998,-12.1692,0,-0.650887,-0.000575243,0.0314466,-12.3385,-13.5647,0,-11.3086
0.533985,-12.1552,0,-0.650887,-0.00124636,0.0314466,-12.3477,-14.1412,0,-11.3086
0.542823,-12.1414,0,-0.650887,-0.00172573,0.0314466,-12.3752,-13.7765,0,-11.3086
0.550854,-12.1289,0,-0.650887,-0.00172573,0.0314466,-12.4301,-13.9176,0,-11.3086
0.559061,-12.1163,0,-0.650983,-0.00172573,0.0314466,-12.4897,-14.5412,0,-11.31
0.567908,-12.1023,0,-0.650887,-0.00172573,0.0314466,-12.5446,-14.2,0,-11.3086
0.575898,-12.0899,0,-0.650887,-0.00162985,0.0315425,-12.6133,-14.2,0,-11.3086
0.583865,-12.0773,0,-0.650887,-0.00153398,0.0315425,-12.6729,-14.0706,0,-11.3086
0.591976,-12.0646,0,-0.650887,-0.00143811,0.0316384,-12.7324,-14.3647,0,-11.3086
0.600877,-12.0506,0,-0.650887,-0.00143811,0.0316384,-12.769,-14.4,0,-11.3086
0.608922,-12.0379,0,-0.650887,-0.00134223,0.0317342,-12.7919,-14.4588,0,-11.3086
0.617002,-12.0253,0,-0.650887,-0.00124636,0.0316384,-12.8011,-14.0706,0,-11.3086
0.625975,-12.011,0,-0.650887,-0.00115049,0.0317342,-12.8057,-14.1647,0,-11.3086
0.634982,-11.9968,0,-0.650887,-0.00115049,0.0316384,-12.7782,-14.1176,0,-11.3086
0.644037,-11.9824,0,-0.650887,-0.00105461,0.0316384,-12.7507,-14.1647,0,-11.3086
0.65311,-11.9679,0,-0.650887,-0.000958738,0.0316384,-12.7141,-14.1529,0,-11.3086
0.661926,-11.9537,0,-0.650887,-0.000958738,0.0316384,-12.6774,-14.0706,0,-11.3086
0.66996,-11.9409,0,-0.650887,-0.000958738,0.0315425,-12.65,-14.1176,0,-11.3086
0.679742,-11.9281,0,-0.650887,-0.000862864,0.0315425,-12.6362,-14.0706,0,-11.3086
0.687845,-11.912,0,-0.650887,-0.000862864,0.0315425,-12.6225,-14.2235,0,-11.3086
0.695889,-11.8991,0,-0.650887,-0.00076699,0.0315425,-12.6225,-14.1647,0,-11.3086
0.703877,-11.8863,0,-0.650887,-0.00076699,0.0315425,-12.6362,-14.0706,0,-11.3086
0.712022,-11.8731,0,-0.650887,-0.00076699,0.0315425,-12.6316,-14.6235,0,-11.3086
0.720866,-11.8587,0,-0.650887,-0.000671117,0.0315425,-12.6408,-14.6706,0,-11.3086
0.72884,-11.8458,0,-0.650887,-0.000671117,0.0315425,-12.6637,-14.5059,0,-11.3086
0.736826,-11.8328,0,-0.650887,-0.000575243,0.0315425,-12.6729,-14.4471,0,-11.3086
0.744925,-11.8196,0,-0.650887,-0.000575243,0.0315425,-12.6729,-14.2235,0,-11.3086
0.752866,-11.8067,0,-0.650887,-0.000575243,0.0316384,-12.6683,-14.2,0,-11.3086
0.760827,-11.7936,0,-0.650887,0.00306796,0.0315425,-12.5996,-11.3059,0,-11.3086
0.768811,-11.7805,0,-0.650791,0.00786165,0.0315425,-12.5217,-11.1529,0,-11.3072
0.776923,-11.7673,0,-0.650791,0.00747816,0.0314466,-12.5217,-11.2941,0,-11.3072
0.784787,-11.7542,0,-0.650791,0.00728641,0.0314466,-12.54,-12.2118,0,-11.3072
0.792826,-11.7411,0,-0.650791,0.00680704,0.0315425,-12.5492,-9.77647,0,-11.3072
0.802538,-11.7256,0,-0.650791,0.00613592,0.0315425,-12.5263,-10.2353,0,-11.3072
0.811923,-11.7096,0,-0.650695,0.00565655,0.0314466,-12.5263,-11.1765,0,-11.3058
0.820899,-11.6948,0,-0.650695,0.00546481,0.0315425,-12.5813,-11.6118,0,-11.3058
0.828865,-11.6815,0,-0.650695,0.00613592,0.0315425,-12.5629,-10.8824,0,-11.3058
0.83693,-11.6681,0,-0.6506,0.00613592,0.0315425,-12.5767,-10.3529,0,-11.3044
0.845862,-11.6532,0,-0.6506,0.00527306,0.0315425,-12.5996,-10.6235,0,-11.3044
0.85385,-11.6399,0,-0.6506,0.00498544,0.0315425,-12.6316,-10.8706,0,-11.3044
0.862091,-11.6264,0,-0.6506,0.00479369,0.0315425,-12.6866,-11.5882,0,-11.3044
0.8709,-11.6113,0,-0.6506,0.00431432,0.0315425,-12.7141,-10.9647,0,-11.3044
0.879825,-11.5964,0,-0.650504,0.0113131,0.0316384,-12.6545,-10.7882,0,-11.3029
0.887883,-11.5829,0,-0.650312,0.0249272,0.0315425,-12.508,-12.3294,0,-11.3001
0.897163,-11.5676,0,-0.65012,0.0181201,0.0314466,-12.4713,-10.3765,0,-11.2972
0.905916,-11.5525,0,-0.65012,0.0127512,0.0314466,-12.5309,-10.0353,0,-11.2972
0.914881,-11.5373,0,-0.650024,0.00958738,0.0315425,-12.5721,-8.98824,0,-11.2958
0.923601,-11.5239,0,-0.650024,0.010642,0.0315425,-12.5858,-8.97647,0,-11.2958
0.931896,-11.5085,0,-0.649833,0.0151481,0.0315425,-12.5492,-8.91765,0,-11.293
0.940805,-11.4932,0,-0.649737,0.0140934,0.0314466,-12.5263,-9.34118,0,-11.2915
0.948791,-11.4797,0,-0.649641,0.012943,0.0314466,-12.5309,-9,0,-11.2901
0.959366,-11.4617,0,-0.649545,0.0204211,0.0314466,-12.4713,-9.6,0,-11.2887
0.967851,-11.4472,0,-0.649257,0.0185995,0.0314466,-12.4255,-8.52941,0,-11.2844
0.976011,-11.4334,0,-0.649161,0.0143811,0.0314466,-12.453,-7.77647,0,-11.283
0.986149,-11.4166,0,-0.649066,0.0127512,0.0314466,-12.4897,-8.56471,0,-11.2816
0.995023,-11.4008,0,-0.64897,0.012176,0.0314466,-12.5446,-8.85882,0,-11.2801
1.0039,-11.3854,0,-0.648778,0.022818,0.0315425,-12.5263,-8.76471,0,-11.2773
1.01298,-11.3698,0,-0.64849,0.0400752,0.0313507,-12.3752,-11.9059,0,-11.273
1.02205,-11.3542,0,-0.648203,0.0223386,0.0313507,-12.3797,-10.0588,0,-11.2687
1.03094,-11.3388,0,-0.648107,0.0172573,0.0313507,-12.421,-9.94118,0,-11.2673
1.03989,-11.323,0,-0.647915,0.0177367,0.0313507,-12.4759,-9.57647,0,-11.2644
1.0496,-11.3072,0,-0.647723,0.0341311,0.0314466,-12.4393,-10.5647,0,-11.2616
1.05794,-11.2918,0,-0.647436,0.0224345,0.0314466,-12.4622,-7.48235,0,-11.2573
1.06595,-11.2779,0,-0.647244,0.0226262,0.0314466,-12.5263,-7.91765,0,-11.2545
1.07435,-11.2639,0,-0.647052,0.0272282,0.0314466,-12.5355,-8.25882,0,-11.2516
1.08303,-11.2481,0,-0.646765,0.0358568,0.0314466,-12.5034,-9.49412,0,-11.2473
1.09188,-11.2323,0,-0.646573,0.0254066,0.0314466,-12.5309,-7.88235,0,-11.2445
1.0999,-11.2183,0,-0.646285,0.0244478,0.0314466,-12.5904,-8.11765,0,-11.2402
1.10854,-11.2035,0,-0.646094,0.0342269,0.0314466,-12.5813,-8.77647,0,-11.2373
1.11688,-11.1883,0,-0.64571,0.0455401,0.0314466,-12.4713,-9.02353,0,-11.2316
1.12487,-11.1743,0,-0.645327,0.051676,0.0313507,-12.3385,-10.0588,0,-11.2259
1.13285,-11.1602,0,-0.644943,0.0571408,0.031159,-12.1736,-10.1765,0,-11.2202
1.14139,-11.1455,0,-0.64456,0.0426638,0.031159,-12.1645,-9.44706,0,-11.2144
1.14996,-11.1299,0,-0.644176,0.0383495,0.0310631,-12.1828,-8.82353,0,-11.2087
1.15891,-11.114,0,-0.643888,0.0305837,0.031159,-12.3065,-7.2,0,-11.2044
1.16799,-11.0998,0,-0.643601,0.0289539,0.0312549,-12.4576,-6.48235,0,-11.2001
1.17692,-11.0819,0,-0.643217,0.0573325,0.0312549,-12.4164,-10.0824,0,-11.1944
1.18578,-11.0659,0,-0.642738,0.0487039,0.031159,-12.3843,-11.4235,0,-11.1872
1.19387,-11.0516,0,-0.642259,0.0442937,0.031159,-12.4164,-10.4588,0,-11.1801
1.20192,-11.0371,0,-0.642067,0.0276117,0.0312549,-12.5355,-8.18824,0,-11.1772
1.21095,-11.0211,0,-0.641779,0.0305837,0.0313507,-12.6729,-6.10588,0,-11.1729
1.21983,-11.005,0,-0.641396,0.0565655,0.0312549,-12.5767,-11.4471,0,-11.1672
1.22788,-10.9906,0,-0.641012,0.0293374,0.0313507,-12.6637,-7.50588,0,-11.1614
1.23689,-10.9743,0,-0.640725,0.0390206,0.0312549,-12.6683,-7.47059,0,-11.1571
1.24485,-10.9599,0,-0.640341,0.0461153,0.0312549,-12.5446,-9.2,0,-11.1514
1.25281,-10.9455,0,-0.639958,0.0441019,0.031159,-12.4759,-11.1294,0,-11.1457
1.26157,-10.9306,0,-0.639574,0.0488956,0.0310631,-12.3889,-12.0824,0,-11.1399
1.26993,-10.9145,0,-0.639191,0.0461153,0.0310631,-12.3065,-9.15294,0,-11.1342
1.2789,-10.8982,0,-0.638711,0.0567573,0.0308714,-12.192,-9.51765,0,-11.127
1.28681,-10.8837,0,-0.638328,0.0430473,0.0308714,-12.1599,-8.02353,0,-11.1212
1.29492,-10.8689,0,-0.637944,0.0585789,0.0307755,-12.1004,-9.43529,0,-11.1155
1.30392,-10.8527,0,-0.637561,0.0356651,0.0307755,-12.1416,-9.2,0,-11.1097
1.31294,-10.8362,0,-0.637273,0.0439102,0.0308714,-12.2652,-8.18824,0,-11.1054
1.32145,-10.8214,0,-0.636698,0.0484163,0.0308714,-12.2378,-9.4,0,-11.0968
1.32997,-10.8049,0,-0.63641,0.0322136,0.0308714,-12.366,-8.82353,0,-11.0925
1.3389,-10.7885,0,-0.636123,0.0489915,0.0309672,-12.4759,-10.2706,0,-11.0882
1.34688,-10.7738,0,-0.635643,0.0451566,0.0309672,-12.4942,-8.02353,0,-11.081
1.35524,-10.7585,0,-0.63526,0.0562779,0.0309672,-12.4622,-4.32941,0,-11.0752
1.36395,-10.7424,0,-0.63478,0.0497585,0.0309672,-12.3981,-9.85882,0,-11.068
1.37288,-10.7258,0,-0.634397,0.0491833,0.0308714,-12.3706,-8.52941,0,-11.0622
1.38271,-10.711,0,-0.633918,0.0454442,0.0308714,-12.3294,-8.77647,0,-11.055
1.39197,-10.6904,0,-0.633438,0.0587706,0.0308714,-12.3019,-11.5294,0,-11.0478
1.40086,-10.6739,0,-0.632959,0.0324053,0.0307755,-12.3202,-8.92941,0,-11.0406
1.40883,-10.659,0,-0.632767,0.0297209,0.0309672,-12.4393,-9.2,0,-11.0377
1.41693,-10.6439,0,-0.632479,0.0513884,0.0308714,-12.4118,-10.6706,0,-11.0334
1.42489,-10.6291,0,-0.632096,0.049375,0.0308714,-12.3614,-9.04706,0,-11.0276
1.43284,-10.6142,0,-0.631712,0.0610716,0.0307755,-12.2423,-9.83529,0,-11.0218
1.44163,-10.5992,0,-0.631233,0.0429515,0.0306796,-12.1874,-8.82353,0,-11.0146
1.44994,-10.5822,0,-0.631041,0.0301044,0.0306796,-12.2515,-8.30588,0,-11.0117
1.45886,-10.5654,0,-0.630658,0.0413216,0.0307755,-12.2561,-9.89412,0,-11.006
1.46693,-10.5504,0,-0.63037,0.0278034,0.0307755,-12.3523,-8.41177,0,-11.0016
1.47526,-10.5346,0,-0.630083,0.0305837,0.0308714,-12.4347,-6.10588,0,-10.9973
1.48388,-10.5182,0,-0.629891,0.0539769,0.0308714,-12.3431,-10.3765,0,-10.9944
1.49285,-10.5014,0,-0.629411,0.0483204,0.0307755,-12.2881,-9.51765,0,-10.9872
1.50086,-10.4862,0,-0.628932,0.051676,0.0306796,-12.137,-9.67059,0,-10.9799
1.5089,-10.4709,0,-0.628549,0.0430473,0.0306796,-12.1278,-8.11765,0,-10.9741
1.51678,-10.4559,0,-0.628261,0.0548398,0.0306796,-12.0866,-9.41177,0,-10.9698
1.52478,-10.4407,0,-0.627878,0.0476493,0.0305837,-12.0408,-8.87059,0,-10.964
1.53383,-10.4255,0,-0.627494,0.0619345,0.0305837,-11.9813,-10.0353,0,-10.9582
1.54197,-10.4082,0,-0.627015,0.0555109,0.0305837,-11.9446,-7.61176,0,-10.951
1.55089,-10.3912,0,-0.626535,0.0664405,0.0304879,-11.8576,-8.85882,0,-10.9437
1.55885,-10.3759,0,-0.626056,0.0576202,0.0304879,-11.8485,-6.81176,0,-10.9365
1.56722,-10.3603,0,-0.625577,0.0608799,0.0304879,-11.8256,-7.83529,0,-10.9292
1.57597,-10.3433,0,-0.625097,0.0695085,0.030392,-11.8393,-6.28235,0,-10.922
1.58486,-10.3261,0,-0.624426,0.063085,0.030392,-11.8347,-8.74118,0,-10.9118
1.59291,-10.3107,0,-0.623851,0.0764114,0.030392,-11.7614,-6.55294,0,-10.9031
1.60097,-10.2952,0,-0.623276,0.100188,0.030392,-11.6744,-8.02353,0,-10.8944
1.61002,-10.2779,0,-0.622509,0.111693,0.0302961,-11.5599,-9.14118,0,-10.8827
1.61896,-10.2606,0,-0.62155,0.10757,0.0301044,-11.4408,-12.0235,0,-10.8682
1.62813,-10.243,0,-0.620783,0.102393,0.0301044,-11.4729,-8.12941,0,-10.8566
1.63685,-10.2258,0,-0.619824,0.110351,0.0301044,-11.4912,-9.34118,0,-10.842
1.64485,-10.2103,0,-0.618961,0.116678,0.0300085,-11.4729,-8.94118,0,-10.8289
1.65283,-10.1948,0,-0.618003,0.112364,0.0300085,-11.537,-8.12941,0,-10.8143
1.66104,-10.179,0,-0.61714,0.131539,0.0301044,-11.5553,-8.09412,0,-10.8012
1.67002,-10.1616,0,-0.616277,0.139976,0.0300085,-11.5141,-9.32941,0,-10.788
1.67892,-10.1442,0,-0.614935,0.142564,0.0300085,-11.5095,-6.15294,0,-10.7676
1.68906,-10.1246,0,-0.613592,0.154453,0.0299126,-11.4408,-9.43529,0,-10.7471
1.69798,-10.1069,0,-0.612058,0.166629,0.0298168,-11.4042,-8.74118,0,-10.7237
1.70682,-10.0895,0,-0.610524,0.174394,0.0297209,-11.3172,-6.88235,0,-10.7003
1.71489,-10.0738,0,-0.609086,0.171998,0.029625,-11.2851,-9.63529,0,-10.6782
1.72415,-10.0555,0,-0.607648,0.191268,0.029625,-11.2347,-5.70588,0,-10.6562
1.73277,-10.0384,0,-0.606018,0.199513,0.0294333,-11.1569,-5.37647,0,-10.6312
1.74083,-10.0227,0,-0.604388,0.190597,0.0293374,-11.1431,-5.87059,0,-10.6062
1.75002,-10.0066,0,-0.602854,0.20795,0.0294333,-11.1523,-5.88235,0,-10.5826
1.75885,-9.98709,0,-0.601225,0.22329,0.0294333,-11.0744,-5.58824,0,-10.5576
1.76683,-9.97139,0,-0.599307,0.224536,0.0293374,-11.0607,-5.21176,0,-10.528
1.77484,-9.95558,0,-0.597581,0.22492,0.0293374,-11.0561,-3.35294,0,-10.5014
1.78307,-9.93949,0,-0.595856,0.223098,0.0292415,-11.0515,-3.47059,0,-10.4748
1.79189,-9.9217,0,-0.594034,0.235466,0.0292415,-11.0699,-4.90588,0,-10.4466
1.79988,-9.90596,0,-0.591925,0.251189,0.0292415,-11.0607,-7.62353,0,-10.414
1.80789,-9.89005,0,-0.590007,0.252532,0.0291456,-11.0699,-6.57647,0,-10.3843
1.81691,-9.87196,0,-0.587994,0.241602,0.0290498,-11.1157,-5.50588,0,-10.353
1.82485,-9.85617,0,-0.585789,0.257134,0.0290498,-11.1386,-7.91765,0,-10.3187
1.83281,-9.84022,0,-0.583776,0.254353,0.0289539,-11.1157,-7.51765,0,-10.2874
1.84149,-9.82422,0,-0.581762,0.25397,0.0289539,-11.1248,-4.65882,0,-10.256
1.84991,-9.80607,0,-0.579557,0.27161,0.0289539,-11.1248,-7.42353,0,-10.2216
1.85792,-9.79013,0,-0.577544,0.267296,0.0289539,-11.1202,-4.49412,0,-10.1902
1.86586,-9.77407,0,-0.57553,0.274774,0.0290498,-11.0653,-6.64706,0,-10.1587
1.87405,-9.75785,0,-0.573421,0.290306,0.0290498,-10.9737,-3.58824,0,-10.1256
1.88293,-9.73972,0,-0.571791,0.292415,0.0289539,-10.9004,-6.38824,0,-10.1
1.89182,-9.7218,0,-0.568819,0.308522,0.0289539,-10.7813,-6.71765,0,-10.0534
1.89976,-9.70563,0,-0.566231,0.299797,0.028858,-10.6897,-7.23529,0,-10.0126
1.90803,-9.6893,0,-0.563738,0.310823,0.0286663,-10.6256,-6.52941,0,-9.97332
1.9168,-9.6713,0,-0.561341,0.294333,0.0285704,2.35412,-1.6,0,-9.93547
1.92483,-9.65513,0,-0.558657,0.302482,0.0284745,-10.6119,-2.61176,0,-9.89302
1.93286,-9.63892,0,-0.55626,0.306317,0.0284745,-10.6577,-6.97647,0,-9.85506
1.94087,-9.62254,0,-0.554055,0.31159,0.0284745,-10.6622,-5.31765,0,-9.82008
1.94885,-9.6064,0,-0.551658,0.324725,0.0285704,-10.6439,-3.68235,0,-9.78201
1.95682,-9.59015,0,-0.549261,0.330956,0.0285704,-10.5569,-4.43529,0,-9.74389
1.96507,-9.5736,0,-0.546768,0.332107,0.0285704,-10.4745,-7.42353,0,-9.70417
1.97394,-9.55534,0,-0.544851,0.329327,0.0284745,-10.4332,-2.34118,0,-9.67359
1.98304,-9.53697,0,-0.541303,0.32808,0.0283786,-10.4241,-2.04706,0,-9.6169
1.99204,-9.51871,0,-0.538427,0.33853,0.0282828,-10.4607,-3.85882,0,-9.57085
2.00108,-9.50015,0,-0.535551,0.328847,0.0281869,-10.5157,-6.68235,0,-9.52473
2.00992,-9.48181,0,-0.532771,0.335942,0.0281869,-10.5203,-6.62353,0,-9.48006
2.01898,-9.46334,0,-0.52999,0.311398,0.028091,-10.5157,-6.35294,0,-9.43533
2.02878,-9.44317,0,-0.527306,0.339489,0.0281869,-10.534,-4.14118,0,-9.39206
2.03701,-9.42633,0,-0.524334,0.315041,0.0281869,-10.5203,-6.10588,0,-9.34408
2.04603,-9.40776,0,-0.521841,0.325492,0.0281869,-10.4332,-4.83529,0,-9.30378
2.05653,-9.38922,0,-0.519061,0.32367,0.028091,-10.305,-6.83529,0,-9.25876
2.06498,-9.36853,0,-0.515609,0.317918,0.028091,-10.2317,-7.2,0,-9.20277
2.07393,-9.34982,0,-0.513117,0.313603,0.0279951,-10.1905,-6.37647,0,-9.16226
2.08288,-9.33132,0,-0.510336,0.316192,0.0278034,-10.2317,-8.56471,0,-9.11702
2.09093,-9.31449,0,-0.507652,0.303441,0.0278034,-10.2729,-7.49412,0,-9.07326
2.09988,-9.29601,0,-0.505255,0.307084,0.0277075,-10.2455,-6.91765,0,-9.03414
2.10783,-9.27941,0,-0.502666,0.307467,0.0278034,-10.2684,-4.95294,0,-8.99184
2.11788,-9.26268,0,-0.500365,0.29951,0.0277075,-10.218,-3.97647,0,-8.95418
2.12595,-9.24176,0,-0.497489,0.306796,0.0277075,-10.163,-4.81176,0,-8.90704
2.13486,-9.22316,0,-0.495092,0.295867,0.0276117,-10.0623,-4.70588,0,-8.8677
2.14289,-9.20644,0,-0.4926,0.299222,0.0275158,-10.0439,-5.38824,0,-8.82673
2.15089,-9.18952,0,-0.490299,0.288484,0.0274199,-10.0302,-8.32941,0,-8.78887
2.15891,-9.17294,0,-0.488094,0.287909,0.0274199,-10.0348,-5.11765,0,-8.75254
2.16691,-9.1562,0,-0.485888,0.274966,0.027324,-10.1172,-5.57647,0,-8.71617
2.1755,-9.13945,0,-0.483875,0.250326,0.027324,-10.1859,-8.18824,0,-8.68292
2.18388,-9.12041,0,-0.481574,0.256942,0.0272282,-10.1905,-4.14118,0,-8.64488
2.19185,-9.10371,0,-0.479657,0.241123,0.0272282,-10.1813,-6.65882,0,-8.61315
2.19988,-9.08689,0,-0.477835,0.230001,0.0272282,-10.2088,-7.23529,0,-8.58297
2.20821,-9.06959,0,-0.476013,0.238246,0.0272282,-10.1493,-8.47059,0,-8.55277
2.21691,-9.05085,0,-0.474288,0.220414,0.0272282,-10.1126,-5.89412,0,-8.52413
2.22589,-9.03198,0,-0.47237,0.21725,0.0272282,-10.0806,-7.51765,0,-8.49227
2.23393,-9.01511,0,-0.470549,0.215237,0.0272282,-9.96608,-6.43529,0,-8.46198
2.24212,-8.99797,0,-0.468919,0.197308,0.0271323,-9.88364,-7.72941,0,-8.43486
2.25097,-8.97893,0,-0.467385,0.192035,0.0271323,-9.86074,-7.67059,0,-8.40931
2.25991,-8.95997,0,-0.465947,0.190981,0.0272282,-9.86074,-5.07059,0,-8.38534
2.27053,-8.93929,0,-0.464317,0.183023,0.0271323,-9.77372,-4.34118,0,-8.35815
2.27882,-8.91953,0,-0.462495,0.178805,0.0270364,-9.74624,-8.42353,0,-8.32773
2.28685,-8.90259,0,-0.461249,0.145153,0.0270364,-9.7783,-7.11765,0,-8.30691
2.29489,-8.88551,0,-0.460098,0.147933,0.0270364,-9.7783,-6.35294,0,-8.28767
2.30315,-8.86804,0,-0.458948,0.13499,0.0270364,-9.77372,-5.71765,0,-8.26843
2.31186,-8.84921,0,-0.457893,0.132593,0.0270364,-9.81952,-7.89412,0,-8.25078
2.31987,-8.83213,0,-0.456743,0.127992,0.0270364,-9.78288,-8,0,-8.23151
2.32864,-8.81498,0,-0.455784,0.10968,0.0269405,-9.75082,-7.30588,0,-8.21545
2.3369,-8.79554,0,-0.454921,0.100572,0.0269405,-9.73708,-7.47059,0,-8.20098
2.34489,-8.77852,0,-0.453962,0.0960655,0.0269405,-9.7096,-6.97647,0,-8.1849
2.35284,-8.76137,0,-0.453195,0.0876287,0.0269405,-9.64548,-6.56471,0,-8.17204
2.36238,-8.74186,0,-0.452524,0.0650983,0.0268447,-9.71876,-8.72941,0,-8.16077
2.37093,-8.72258,0,-0.451949,0.0541687,0.0269405,-9.8241,-7.44706,0,-8.15112
2.37898,-8.70541,0,-0.45147,0.0587706,0.0269405,-9.78746,-8.16471,0,-8.14307
2.38688,-8.68817,0,-0.451086,0.0506214,0.0269405,-9.76914,-7.51765,0,-8.13662
2.39528,-8.67036,0,-0.450607,0.0479369,0.0268447,-9.65922,-7.98824,0,-8.12857
2.40389,-8.65127,0,-0.450319,0.0343228,0.0268447,-9.59968,-6.38824,0,-8.12374
2.41286,-8.63197,0,-0.450032,0.0348981,0.0267488,-9.51724,-7.15294,0,-8.11891
2.42184,-8.61396,0,-0.44984,0.023585,0.0266529,-9.46686,-7.45882,0,-8.11568
2.43086,-8.59283,0,-0.449648,0.0179284,0.0266529,-9.42564,-8.10588,0,-8.11246
2.43884,-8.57559,0,-0.449552,0.0134223,0.0264612,-9.36152,-7.98824,0,-8.11085
2.44693,-8.55817,0,-0.449456,0.0103544,0.0264612,-9.33404,-7.47059,0,-8.10924
2.45515,-8.54058,0,-0.449456,0.00872452,0.0263653,-9.27908,-8.10588,0,-8.10924
2.4638,-8.5212,0,-0.449456,0.00872452,0.0262694,-9.2287,-9.29412,0,-8.10924
2.4719,-8.50376,0,-0.449456,0.00834102,0.0261735,-9.1829,-9.09412,0,-8.10924
2.48046,-8.48634,0,-0.449456,0.00776578,0.0260777,-9.1142,-8.58823,0,-8.10924
2.4889,-8.46651,0,-0.449456,0.00728641,0.0259818,-9.0455,-8.22353,0,-8.10924
2.49678,-8.44917,0,-0.449456,0.00680704,0.0258859,-8.9768,-8.16471,0,-8.10924
2.50475,-8.43169,0,-0.449456,0.00642354,0.0256942,-8.92184,-8.21176,0,-8.10924
2.51414,-8.41287,0,-0.449456,0.00642354,0.0256942,-8.8852,-8.21176,0,-8.10924
2.52293,-8.39218,0,-0.449456,0.00604005,0.0255024,-8.82108,-8.18824,0,-8.10924
2.5308,-8.37467,0,-0.449456,0.00565655,0.0254066,-8.77528,-8.18824,0,-8.10924
2.53887,-8.3571,0,-0.449456,0.00527306,0.0254066,-8.75696,-8.22353,0,-8.10924
2.5469,-8.33927,0,-0.449456,0.00498544,0.0253107,-8.73406,-8.21176,0,-8.10924
2.55496,-8.32188,0,-0.449456,0.00460194,0.0253107,-8.73406,-8.17647,0,-8.10924
2.56292,-8.30412,0,-0.449456,0.00460194,0.0252148,-8.73864,-8.43529,0,-8.10924
2.57209,-8.28656,0,-0.449456,0.00431432,0.0252148,-8.76154,-8.48235,0,-8.10924
2.58089,-8.26441,0,-0.449456,0.0040267,0.0252148,-8.77986,-8.51765,0,-8.10924
2.58881,-8.24684,0,-0.449456,0.00383495,0.0252148,-8.82108,-8.50588,0,-8.10924
2.59683,-8.22917,0,-0.449456,0.00354733,0.0253107,-8.87604,-8.44706,0,-8.10924
2.60516,-8.21132,0,-0.449456,0.00335558,0.0253107,-8.91268,-8.49412,0,-8.10924
2.6139,-8.1914,0,-0.449456,0.00335558,0.0253107,-8.9539,-8.50588,0,-8.10924
2.62195,-8.17371,0,-0.449456,0.00316384,0.0253107,-8.99512,-8.48235,0,-8.10924
2.63088,-8.15376,0,-0.449456,0.00297209,0.0254066,-9.01802,-8.44706,0,-8.10924
2.63899,-8.13587,0,-0.449456,0.00278034,0.0254066,-9.04092,-8.45882,0,-8.10924
2.64793,-8.11595,0,-0.449456,0.00258859,0.0254066,-9.06382,-8.49412,0,-8.10924
2.65591,-8.09815,0,-0.449456,0.00239685,0.0254066,-9.0684,-8.47059,0,-8.10924
2.66465,-8.08032,0,-0.449456,0.00230097,0.0254066,-9.07756,-8.47059,0,-8.10924
2.67298,-8.06018,0,-0.449456,0.00230097,0.0254066,-9.0684,-8.47059,0,-8.10924
2.68192,-8.04012,0,-0.449456,0.00210922,0.0254066,-9.0684,-8.45882,0,-8.10924
2.68995,-8.02225,0,-0.449456,0.00201335,0.0254066,-9.05924,-8.49412,0,-8.10924
2.69828,-8.0038,0,-0.449456,0.0018216,0.0254066,-9.05466,-8.50588,0,-8.10924
2.7069,-7.98413,0,-0.449456,0.00172573,0.0254066,-9.03634,-8.49412,0,-8.10924
2.71482,-7.96625,0,-0.449456,0.00162985,0.0254066,-9.02718,-8.45882,0,-8.10924
2.72273,-7.94828,0,-0.449456,0.00162985,0.0254066,-8.9997,-8.50588,0,-8.10924
2.73099,-7.93005,0,-0.449456,0.00153398,0.0253107,-8.98138,-7.43529,0,-8.10924
2.73986,-7.91005,0,-0.449456,0.00134223,0.0253107,-8.94016,-8.30588,0,-8.10924
2.74791,-7.89208,0,-0.449456,0.00134223,0.0253107,-8.95848,-9.71765,0,-8.10924
2.75751,-7.87407,0,-0.449456,-0.000671117,0.0253107,-8.98596,-10.2235,0,-8.10924
2.76591,-7.85143,0,-0.449552,-0.00556068,0.0254066,-9.03634,-9.84706,0,-8.11085
2.77377,-7.83346,0,-0.449552,-0.00508131,0.0254066,-9.05466,-10.2118,0,-8.11085
2.78184,-7.81543,0,-0.449648,-0.00556068,0.0254066,-9.0684,-10.2706,0,-8.11246
2.79007,-7.7971,0,-0.449744,-0.00747816,0.0254066,-9.08214,-10.6,0,-8.11407
2.7989,-7.77694,0,-0.449744,-0.00891626,0.0254066,-9.10046,-10.4941,0,-8.11407
2.80687,-7.75885,0,-0.44984,-0.00814927,0.0254066,-9.07298,-10.5294,0,-8.11568
2.81489,-7.7407,0,-0.44984,-0.00747816,0.0254066,-8.99512,-10.6353,0,-8.11568
2.82299,-7.72232,0,-0.44984,-0.00719053,0.0253107,-8.92184,-9.89412,0,-8.11568
2.83185,-7.70211,0,-0.44984,-0.00671117,0.0252148,-8.8394,-9.92941,0,-8.11568
2.83988,-7.68395,0,-0.44984,-0.00671117,0.0252148,-8.7936,-9.4,0,-8.11568
2.84794,-7.66564,0,-0.449936,-0.00632767,0.0252148,-8.75696,-8.36471,0,-8.11729
2.85592,-7.64729,0,-0.44984,-0.00594418,0.0252148,-8.76154,-7.83529,0,-8.11568
2.86479,-7.62705,0,-0.44984,-0.0036432,0.0251189,-8.73406,-7.63529,0,-8.11568
2.87282,-7.60877,0,-0.449744,0.00230097,0.0251189,-8.7249,-6.81176,0,-8.11407
2.88104,-7.5903,0,-0.449744,0.00929976,0.0251189,-8.70658,-6.57647,0,-8.11407
2.88994,-7.56977,0,-0.449648,0.0120801,0.0251189,-8.70658,-7.15294,0,-8.11246
2.89891,-7.54941,0,-0.449456,0.0136141,0.0250231,-8.72948,-7.03529,0,-8.10924
2.90806,-7.53109,0,-0.449265,0.0181201,0.0250231,-8.7249,-4.87059,0,-8.10601
2.91691,-7.50808,0,-0.449073,0.0386371,0.0250231,-8.64246,-6.31765,0,-8.10279
2.92586,-7.48757,0,-0.448785,0.0293374,0.0249272,-8.61956,-4.75294,0,-8.09795
2.93384,-7.46923,0,-0.448498,0.0281869,0.0249272,-8.64704,-4.75294,0,-8.09312
2.94204,-7.4506,0,-0.44821,0.0371032,0.0249272,-8.64704,-6.2,0,-8.08828
2.95089,-7.42998,0,-0.448018,0.0348981,0.0249272,-8.67452,-5.68235,0,-8.08505
2.95989,-7.40945,0,-0.447635,0.0323095,0.0250231,-8.7478,-5.35294,0,-8.0786
2.96897,-7.39102,0,-0.447347,0.0477452,0.0249272,-8.72948,-6.65882,0,-8.07376
2.97793,-7.36788,0,-0.446964,0.0442937,0.0249272,-8.71574,-6.18824,0,-8.06731
2.98592,-7.34944,0,-0.446484,0.0549357,0.0249272,-8.66536,-7.36471,0,-8.05924
2.99398,-7.33106,0,-0.446197,0.0655777,0.0249272,-8.54628,-4.83529,0,-8.0544
3.00304,-7.31001,0,-0.445526,0.0710425,0.0247354,-8.43636,-5.29412,0,-8.04309
3.012,-7.28944,0,-0.445046,0.0794794,0.0246396,-8.33102,-3.2,0,-8.03502
3.02091,-7.26864,0,-0.444183,0.0824515,0.0243519,-8.25316,-1.92941,0,-8.02048
3.02896,-7.25011,0,-0.443512,0.0717136,0.0243519,-8.24858,-3.71765,0,-8.00917
3.03795,-7.22916,0,-0.442841,0.0640437,0.0242561,-8.3127,-6.83529,0,-7.99785
3.04696,-7.20835,0,-0.442266,0.0732476,0.0243519,-8.43636,-8.27059,0,-7.98815
3.05589,-7.18728,0,-0.441595,0.0845607,0.0244478,-8.473,-5.16471,0,-7.97683
3.06524,-7.16601,0,-0.440828,0.0770825,0.0244478,-8.53712,-4.11765,0,-7.96388
3.07394,-7.14542,0,-0.440061,0.0862864,0.0244478,-8.59666,-4.72941,0,-7.95093
3.08291,-7.12464,0,-0.439198,0.107666,0.0244478,-8.56002,-6.08235,0,-7.93636
3.0943,-7.09939,0,-0.438335,0.101914,0.0244478,-8.5188,-4.54118,0,-7.92178
3.10294,-7.07794,0,-0.43728,0.0959697,0.0244478,-8.5417,-4.6,0,-7.90395
3.11185,-7.057,0,-0.436322,0.10642,0.0243519,-8.5646,-4.47059,0,-7.88774
3.11981,-7.03825,0,-0.435363,0.110159,0.0243519,-8.53712,-3.15294,0,-7.87152
3.12791,-7.01936,0,-0.4345,0.116007,0.0243519,-8.50964,-3.31765,0,-7.85691
3.13685,-6.99853,0,-0.433541,0.130197,0.0242561,-8.39056,-5.18824,0,-7.84068
3.14489,-6.97978,0,-0.432391,0.109104,0.0241602,-8.34934,-5.75294,0,-7.82119
3.15335,-6.96104,0,-0.431528,0.108625,0.0242561,-8.44094,-5.32941,0,-7.80656
3.16192,-6.93978,0,-0.430665,0.116774,0.0241602,-8.43178,-7.51765,0,-7.79193
3.17006,-6.92101,0,-0.42961,0.118692,0.0241602,-8.44552,-4.92941,0,-7.77404
3.17889,-6.89999,0,-0.428652,0.12732,0.0241602,-8.41346,-4.91765,0,-7.75777
3.18711,-6.88077,0,-0.427501,0.127896,0.0240643,-8.3356,-3.04706,0,-7.73823
3.19585,-6.86001,0,-0.426543,0.111022,0.0239684,-8.34018,-2.29412,0,-7.72194
3.20389,-6.84116,0,-0.425488,0.11687,0.0239684,-8.43178,-5.98824,0,-7.70402
3.21187,-6.82231,0,-0.424625,0.120993,0.0240643,-8.52796,-4.47059,0,-7.68935
3.2199,-6.80324,0,-0.423666,0.130388,0.0240643,-8.51422,-5.76471,0,-7.67304
3.22879,-6.78221,0,-0.422612,0.128279,0.0240643,-8.45926,-6.84706,0,-7.65509
3.23683,-6.76334,0,-0.421557,0.118596,0.0240643,-8.50964,-4.2,0,-7.63713
3.24585,-6.74422,0,-0.420694,0.121856,0.0240643,-8.48216,-5.21176,0,-7.62244
3.25396,-6.72293,0,-0.419544,0.119746,0.0240643,-8.44094,-3.04706,0,-7.60283
3.26288,-6.70177,0,-0.418681,0.128375,0.0240643,-8.41804,-4.36471,0,-7.58812
3.27091,-6.68285,0,-0.41753,0.120226,0.0239684,-8.3356,-6.23529,0,-7.5685
3.27925,-6.66338,0,-0.416668,0.116583,0.0240643,-8.36308,-4.87059,0,-7.55377
3.28797,-6.64237,0,-0.415805,0.124061,0.0240643,-8.36308,-6.48235,0,-7.53904
3.29679,-6.62118,0,-0.41475,0.121856,0.0240643,-8.31728,-4.92941,0,-7.52103
3.30636,-6.60219,0,-0.413695,0.120513,0.0240643,-8.29438,-3.52941,0,-7.50301
3.31486,-6.57832,0,-0.412641,0.140263,0.0239684,-8.18446,-5.88235,0,-7.48499
3.32279,-6.55931,0,-0.411586,0.114953,0.0238726,-8.16156,-5.38824,0,-7.46695
3.33091,-6.54029,0,-0.410627,0.123198,0.0239684,-8.17072,-6.23529,0,-7.45055
3.3393,-6.52044,0,-0.409669,0.125403,0.0238726,-8.1066,-5,0,-7.43414
3.34797,-6.49975,0,-0.408614,0.112076,0.0238726,-8.12034,-3.85882,0,-7.41608
3.35581,-6.48068,0,-0.407655,0.121376,0.0238726,-8.1066,-3.88235,0,-7.39965
3.36389,-6.4616,0,-0.406697,0.113706,0.0237767,-8.08828,-3.97647,0,-7.38322
3.37189,-6.44225,0,-0.405834,0.119075,0.0238726,-8.12034,-3.91765,0,-7.36843
3.38088,-6.42089,0,-0.404875,0.126937,0.0237767,-8.11118,-5.27059,0,-7.35198
3.38885,-6.40178,0,-0.40382,0.13058,0.0237767,-8.0379,-4.8,0,-7.33389
3.39733,-6.38255,0,-0.402766,0.1278,0.0236808,-7.95546,-5.54118,0,-7.31578
3.40598,-6.36102,0,-0.401615,0.121951,0.0234891,-7.91424,-4.64706,0,-7.29602
3.41491,-6.33926,0,-0.400657,0.111405,0.0233932,-7.91882,-4.22353,0,-7.27955
3.42292,-6.32026,0,-0.399602,0.111693,0.0233932,-7.98752,-4.50588,0,-7.26142
3.43124,-6.30054,0,-0.398739,0.1092,0.0233932,-8.06538,-3.05882,0,-7.24658
3.43989,-6.27926,0,-0.397876,0.111309,0.0234891,-8.10202,-2.41176,0,-7.23174
3.44893,-6.25774,0,-0.396822,0.120513,0.0233932,-8.03332,-5.37647,0,-7.21359
3.45965,-6.23616,0,-0.395863,0.112268,0.0233932,-8.0379,-5.4,0,-7.19708
3.46793,-6.21195,0,-0.394808,0.113131,0.0234891,-8.09286,-6.16471,0,-7.17891
3.47687,-6.19037,0,-0.393945,0.104502,0.0234891,-8.08828,-6.03529,0,-7.16405
3.48482,-6.1711,0,-0.392987,0.101626,0.0234891,-8.08828,-5.44706,0,-7.14752
3.49301,-6.15157,0,-0.39222,0.111789,0.0234891,-8.03332,-6.43529,0,-7.13429
3.50198,-6.12985,0,-0.391549,0.105174,0.0233932,-7.98294,-6.43529,0,-7.12272
3.51083,-6.1082,0,-0.39059,0.0855194,0.0233932,-8.05164,-4.58824,0,-7.10617
3.5209,-6.08893,0,-0.389823,0.0992294,0.0234891,-8.08828,-6.74118,0,-7.09293
3.52986,-6.06225,0,-0.388864,0.10038,0.0233932,-8.015,-6.90588,0,-7.07638
3.53787,-6.04294,0,-0.388001,0.0970243,0.0233932,-7.95088,-4.82353,0,-7.06147
3.54594,-6.02351,0,-0.38733,0.096449,0.0232973,-7.89134,-3.85882,0,-7.04988
3.55591,-5.99906,0,-0.386563,0.0939563,0.0232015,-7.786,-5.50588,0,-7.03662
3.56488,-5.97746,0,-0.3857,0.0677828,0.0232015,-7.84554,-2.68235,0,-7.0217
3.57283,-5.958,0,-0.385029,0.072193,0.0232015,-7.88676,-3.91765,0,-7.01009
3.58099,-5.93841,0,-0.384454,0.0836978,0.0232015,-7.86386,-6.88235,0,-7.00014
3.58998,-5.9165,0,-0.383975,0.0854236,0.0232015,-7.79974,-5.42353,0,-6.99185
3.59883,-5.89481,0,-0.383112,0.0726723,0.0231056,-7.786,-3.82353,0,-6.97691
3.60675,-5.87527,0,-0.382441,0.0713301,0.0230097,-7.7402,-4.14118,0,-6.96529
3.61535,-5.8551,0,-0.381865,0.0806299,0.0230097,-7.7173,-5.35294,0,-6.95533
3.62402,-5.83382,0,-0.381098,0.0887791,0.0229138,-7.6486,-5.64706,0,-6.94204
3.63291,-5.81176,0,-0.380523,0.0688374,0.022818,-7.61196,-6.31765,0,-6.93208
3.64331,-5.7878,0,-0.380044,0.047074,0.0229138,-7.7402,-5.4,0,-6.92377
3.65189,-5.76536,0,-0.379564,0.0394041,0.0230097,-7.98294,-4.75294,0,-6.91546
3.66085,-5.74354,0,-0.379181,0.05925,0.0231056,-8.02416,-7.35294,0,-6.90881
3.66886,-5.724,0,-0.378702,0.0653859,0.0230097,-7.93256,-4.03529,0,-6.9005
3.67888,-5.69932,0,-0.378126,0.0682621,0.022818,-7.69898,-7.55294,0,-6.89052
3.68783,-5.67746,0,-0.377455,0.0487039,0.0227221,-7.6028,-5.94118,0,-6.87888
3.69588,-5.65784,0,-0.377072,0.0323095,0.0226262,-7.6715,-2.94118,0,-6.87222
3.70434,-5.6376,0,-0.37688,0.0358568,0.0227221,-7.72646,-4.72941,0,-6.8689
3.71292,-5.61595,0,-0.376401,0.0422803,0.0226262,-7.70814,-3.87059,0,-6.86058
3.72188,-5.59405,0,-0.376113,0.0385413,0.0226262,-7.68066,-5.18824,0,-6.85558
3.72988,-5.57435,0,-0.375825,0.0447731,0.0226262,-7.63028,-4.6,0,-6.85059
3.73812,-5.55421,0,-0.375442,0.0404587,0.0225303,-7.5799,-4.75294,0,-6.84393
3.74688,-5.53253,0,-0.375058,0.0381578,0.0225303,-7.56158,-4.29412,0,-6.83727
3.75475,-5.5129,0,-0.374771,0.0374867,0.0225303,-7.52036,-5.54118,0,-6.83228
3.76491,-5.4932,0,-0.374483,0.0250231,0.0225303,-7.59364,-3.91765,0,-6.82728
3.77399,-5.46585,0,-0.374195,0.0255983,0.0225303,-7.6486,-4.29412,0,-6.82228
3.78283,-5.4439,0,-0.374004,0.0310631,0.0225303,-7.6486,-4.83529,0,-6.81895
3.79088,-5.42415,0,-0.373716,0.0310631,0.0224345,-7.60738,-6.2,0,-6.81396
3.79892,-5.40413,0,-0.373428,0.0274199,0.0224345,-7.57074,-5.78824,0,-6.80896
3.80687,-5.38462,0,-0.373237,0.029625,0.0224345,-7.52494,-5.74118,0,-6.80563
3.81491,-5.3649,0,-0.372949,0.0357609,0.0223386,-7.46082,-6.30588,0,-6.80063
3.82331,-5.34512,0,-0.372757,0.0255983,0.0223386,-7.45166,-5.35294,0,-6.79729
3.83192,-5.32257,0,-0.372566,0.0238726,0.0222427,-7.44708,-5.17647,0,-6.79396
3.84078,-5.30052,0,-0.372278,0.0275158,0.0222427,-7.40128,-5.49412,0,-6.78896
3.84887,-5.28069,0,-0.37199,0.0276117,0.0221468,-7.3738,-6.23529,0,-6.78396
3.85719,-5.26078,0,-0.371894,0.0170655,0.0222427,-7.4883,-5.71765,0,-6.78229
3.86587,-5.23859,0,-0.371894,0.0130388,0.0222427,-7.6257,-3.56471,0,-6.78229
3.87391,-5.21873,0,-0.371703,0.0171614,0.0223386,-7.63028,-4.34118,0,-6.77896
3.88193,-5.19888,0,-0.371607,0.0237767,0.0222427,-7.57532,-5.22353,0,-6.77729
3.89034,-5.17797,0,-0.371415,0.0179284,0.0222427,-7.54326,-6.25882,0,-6.77396
3.89881,-5.1566,0,-0.371319,0.0125595,0.0222427,-7.56158,-6.23529,0,-6.77229
3.90689,-5.13677,0,-0.371223,0.0115049,0.0222427,-7.57074,-6.08235,0,-6.77062
3.91555,-5.11686,0,-0.371127,0.0116007,0.0222427,-7.56616,-5.70588,0,-6.76895
3.92391,-5.09423,0,-0.371032,0.0178325,0.0222427,-7.5112,-4.67059,0,-6.76729
3.93278,-5.07205,0,-0.37084,0.0242561,0.0221468,-7.36464,-7.27059,0,-6.76395
3.9409,-5.05207,0,-0.370648,0.0246396,0.022051,-7.29594,-6.61176,0,-6.76061
3.94925,-5.03191,0,-0.370456,0.026557,0.0219551,-7.23182,-6.81176,0,-6.75728
3.95787,-5.00968,0,-0.370265,0.0187913,0.0219551,-7.23182,-5.41176,0,-6.75394
3.96585,-4.98976,0,-0.370169,0.0214757,0.0219551,-7.23182,-3.74118,0,-6.75227
3.97386,-4.9698,0,-0.369977,0.0183119,0.0219551,-7.25014,-2.88235,0,-6.74894
3.98196,-4.94949,0,-0.369785,0.0198459,0.0219551,-7.2593,-3.38824,0,-6.7456
3.99085,-4.92726,0,-0.369689,0.0232973,0.0219551,-7.25014,-3.72941,0,-6.74393
3.99881,-4.90728,0,-0.369402,0.029625,0.0218592,-7.22266,-4.71765,0,-6.73893
4.00734,-4.88707,0,-0.36921,0.0250231,0.0218592,-7.2364,-4.08235,0,-6.73559
4.01589,-4.86458,0,-0.368922,0.023585,0.0218592,-7.24556,-3.91765,0,-6.73058
4.02383,-4.8447,0,-0.368827,0.0259818,0.0218592,-7.2822,-4.05882,0,-6.72891
4.03188,-4.82469,0,-0.368539,0.0308714,0.0218592,-7.27304,-5.90588,0,-6.72391
4.04017,-4.80436,0,-0.368347,0.0256942,0.0218592,-7.2822,-4.92941,0,-6.72057
4.04892,-4.78195,0,-0.368155,0.0250231,0.0219551,-7.32342,-5.17647,0,-6.71723
4.05786,-4.75946,0,-0.367964,0.0318301,0.0219551,-7.31426,-4.94118,0,-6.71389
4.06591,-4.73935,0,-0.367676,0.0339393,0.0218592,-7.25472,-4.83529,0,-6.70888
4.07399,-4.71902,0,-0.367388,0.0279951,0.0218592,-7.2593,-4.47059,0,-6.70387
4.0829,-4.69664,0,-0.367197,0.0277075,0.0218592,-7.29594,-4.34118,0,-6.70053
4.0908,-4.67654,0,-0.366813,0.0594418,0.0218592,-7.18144,-3.43529,0,-6.69385
4.10034,-4.65359,0,-0.366334,0.0581954,0.0216675,-7.03488,-6.70588,0,-6.6855
4.1089,-4.63122,0,-0.365854,0.0662488,0.0215716,-6.90206,-3.95294,0,-6.67714
4.11687,-4.61104,0,-0.365279,0.0750692,0.0213799,-6.79672,-4.47059,0,-6.66711
4.12487,-4.59091,0,-0.3648,0.0504296,0.021284,-6.81046,-1.70588,0,-6.65876
4.1333,-4.57,0,-0.364416,0.0568532,0.0213799,-6.87458,-2.41176,0,-6.65207
4.14187,-4.54805,0,-0.363937,0.0662488,0.0213799,-6.89748,-2.96471,0,-6.64371
4.14992,-4.52787,0,-0.363362,0.0760279,0.0213799,-6.83336,-5.23529,0,-6.63367
4.15788,-4.5077,0,-0.362786,0.0775619,0.0213799,-6.83336,-5.01176,0,-6.62364
4.16604,-4.48724,0,-0.362307,0.066057,0.0213799,-6.90206,-4.23529,0,-6.61527
4.17492,-4.46475,0,-0.361732,0.0687415,0.0214757,-6.99824,-3.34118,0,-6.60523
4.1829,-4.44451,0,-0.361061,0.0859029,0.0214757,2.35412,-4.69412,0,-6.59352
4.19172,-4.42366,0,-0.360485,0.0962573,0.0215716,-7.03488,-2.37647,0,-6.58347
4.1999,-4.40136,0,-0.359623,0.101339,0.0215716,-6.94786,-1.05882,0,-6.5684
4.20885,-4.37876,0,-0.358856,0.0951068,0.0215716,-6.89748,-1.35294,0,-6.555
4.21686,-4.3585,0,-0.357993,0.127992,0.0214757,-6.7555,-2.41176,0,-6.53991
4.2251,-4.33793,0,-0.357034,0.132593,0.0213799,-6.60436,-3.10588,0,-6.52315
4.23389,-4.31537,0,-0.356075,0.130484,0.0211881,-6.51276,-3.74118,0,-6.50638
4.2419,-4.29512,0,-0.354925,0.138058,0.0210922,-6.42574,-3.18824,0,-6.48625
4.24988,-4.27483,0,-0.35387,0.127608,0.0209964,-6.40284,-1.34118,0,-6.46779
4.25798,-4.25433,0,-0.353007,0.141126,0.0209005,-6.37994,-2.09412,0,-6.45268
4.26684,-4.23168,0,-0.351665,0.150138,0.0207087,-6.3204,-4.01176,0,-6.42917
4.27485,-4.21138,0,-0.350323,0.157425,0.0206129,-6.29292,-1.14118,0,-6.40564
4.28309,-4.19072,0,-0.348981,0.156754,0.020517,-6.26544,-3.95294,0,-6.38211
4.29183,-4.16805,0,-0.347734,0.16567,0.020517,-6.30208,-2.18824,0,-6.36024
4.29991,-4.14781,0,-0.3462,0.184845,0.0204211,-6.2517,-2.63529,0,-6.33332
4.30787,-4.12747,0,-0.344762,0.210251,0.0203252,-6.15552,-2.28235,0,-6.30806
4.31612,-4.10686,0,-0.343132,0.216195,0.0202294,-6.09598,-1.89412,0,-6.27942
4.32479,-4.08417,0,-0.341502,0.237,0.0201335,-5.98148,-0.623529,0,-6.25077
4.33286,-4.06377,0,-0.339393,0.263845,0.0198459,-5.77996,-1.97647,0,-6.21366
4.34089,-4.04339,0,-0.33738,0.279472,0.0195583,-5.6563,0.364706,0,-6.17821
4.34917,-4.02216,0,-0.335271,0.29625,0.0192706,-5.52348,-1.74118,0,-6.14105
4.35791,-4.00005,0,-0.333066,0.300085,0.0190789,-5.42272,0.247059,0,-6.10217
4.36682,-3.97706,0,-0.330477,0.309385,0.0188871,-5.32654,1.97647,0,-6.05649
4.37659,-3.95573,0,-0.327697,0.317534,0.0185036,-5.26242,-0.352941,0,-6.00738
4.38488,-3.93098,0,-0.324629,0.324053,0.0183119,-5.25326,-2.21176,0,-5.95314
4.39387,-3.90813,0,-0.322136,0.309864,0.0181201,-5.26242,-2.21176,0,-5.90903
4.40188,-3.88766,0,-0.31926,0.338818,0.0180243,-5.32654,-1.50588,0,-5.85808
4.41095,-3.86431,0,-0.316671,0.336517,0.0181201,-5.41356,-1.14118,0,-5.81219
4.41988,-3.84164,0,-0.313795,0.375921,0.018216,-5.4273,3.50588,0,-5.76115
4.42788,-3.82117,0,-0.310535,0.405259,0.018216,-5.25784,1.34118,0,-5.70325
4.4365,-3.80042,0,-0.307659,0.432583,0.018216,-5.09296,1.07059,0,-5.65211
4.44491,-3.77747,0,-0.30392,0.459235,0.0178325,-4.86396,2.08235,0,-5.58556
4.45384,-3.75458,0,-0.300373,0.476493,0.017449,2.35412,0.694118,0,-5.52235
4.46283,-3.73151,0,-0.29625,0.465467,0.0170655,-4.60748,-3.32941,0,-5.44881
4.47103,-3.71047,0,-0.292415,0.443896,0.0168738,-4.65328,0.694118,0,-5.38031
4.47979,-3.68785,0,-0.28906,0.423954,0.0169697,-4.7632,0.105882,0,-5.32031
4.48787,-3.66739,0,-0.285225,0.462112,0.0170655,-4.84564,1.03529,0,-5.25166
4.49778,-3.64686,0,-0.281581,0.489627,0.0171614,-4.83648,0.388235,0,-5.18637
4.50599,-3.62093,0,-0.276788,0.509953,0.0169697,-4.79984,1.95294,0,-5.10037
4.51492,-3.59798,0,-0.272857,0.494996,0.0167779,-4.7861,0.235294,0,-5.02975
4.5229,-3.57748,0,-0.268447,0.487902,0.016682,-4.86396,1.97647,0,-4.95044
4.53118,-3.55633,0,-0.264708,0.495763,0.0168738,-5.03342,0.635294,0,-4.88311
4.53984,-3.53372,0,-0.260873,0.516952,0.0170655,-5.07922,3.17647,0,-4.81399
4.54783,-3.51317,0,-0.256558,0.565847,0.0172573,-4.90518,4.25882,0,-4.73615
4.55699,-3.49256,0,-0.252244,0.63478,0.0170655,-4.58458,1.78824,0,-4.65822
4.56597,-3.46666,0,-0.247163,0.594226,0.0165862,-4.3052,0.352941,0,-4.56632
4.57483,-3.44359,0,-0.24189,0.586268,0.0161068,-3.53576,1.38824,0,-4.47083
4.58288,-3.42301,0,-0.237096,0.548782,0.0159151,-4.13574,-0.447059,0,-4.38391
4.59153,-3.40098,0,-0.232782,0.617715,0.0160109,-4.09452,0.870588,0,-4.3056
4.59986,-3.37915,0,-0.227796,0.617715,0.0158192,-4.0533,0.0941176,0,-4.215
4.60785,-3.35856,0,-0.22329,0.547535,0.0155316,-4.19986,-1.36471,0,-4.13303
4.61642,-3.3379,0,-0.219072,0.55741,0.0155316,-4.43802,3.04706,0,-4.05622
4.62499,-3.31444,0,-0.214853,0.523375,0.0157233,-4.7174,0.105882,0,-3.97933
4.63388,-3.29141,0,-0.210443,0.590103,0.0160109,-4.95556,2.02353,0,-3.89887
4.6419,-3.2708,0,-0.205745,0.555205,0.0162027,-4.8548,1.22353,0,-3.81308
4.65058,-3.24911,0,-0.201431,0.560286,0.0160109,-4.55252,0.0235294,0,-3.73422
4.65891,-3.2268,0,-0.196445,0.584159,0.0156274,-4.29146,-0.141176,0,-3.643
4.66782,-3.20361,0,-0.192035,0.548877,0.0153398,-4.01666,0.447059,0,-3.56223
4.67588,-3.18287,0,-0.187337,0.546864,0.0151481,-3.94796,0.4,0,-3.47613
4.68391,-3.16194,0,-0.183311,0.528073,0.0152439,-3.84262,1,0,-3.40226
4.69188,-3.14146,0,-0.179188,0.506405,0.0150522,-3.84262,1.76471,0,-3.32657
4.69981,-3.1208,0,-0.175066,0.495476,0.0148604,-3.83804,-0.905882,0,-3.25083
4.70787,-3.10005,0,-0.170943,0.475726,0.0145728,-3.94338,0.0823529,0,-3.17503
4.71697,-3.07642,0,-0.167779,0.502187,0.0146687,-4.1678,-0.670588,0,-3.11683
4.72576,-3.05344,0,-0.163177,0.467193,0.0148604,-4.4197,-0.188235,0,-3.03211
4.73383,-3.03268,0,-0.159342,0.465947,0.0151481,-4.57084,1.70588,0,-2.96146
4.7428,-3.01028,0,-0.155891,0.482725,0.0152439,-4.3968,0,0,-2.89784
4.75187,-2.98597,0,-0.151864,0.512541,0.0151481,-4.0991,1.98824,0,-2.82357
4.76087,-2.96263,0,-0.147646,0.490394,0.0148604,-3.73728,0.917647,0,-2.74572
4.7701,-2.93933,0,-0.143523,0.453291,0.0144769,-3.56782,-1.52941,0,-2.66959
4.77891,-2.91568,0,-0.139688,0.438623,0.0141893,-3.51286,-0.141176,0,-2.59873
4.78778,-2.89255,0,-0.136141,0.397493,0.0140934,-3.51286,1.95294,0,-2.53315
4.79582,-2.87178,0,-0.132785,0.408135,0.0141893,-3.51286,1.36471,0,-2.47108
4.80416,-2.85075,0,-0.129813,0.408998,0.0140934,-3.42584,-0.682353,0,-2.41609
4.8128,-2.82758,0,-0.126745,0.366909,0.0139017,-3.435,0.258824,0,-2.35929
4.82088,-2.80679,0,-0.123677,0.33412,0.01371,-3.48538,-1.83529,0,-2.30248
4.82883,-2.78599,0,-0.120993,0.316671,0.0136141,-3.56324,-0.176471,0,-2.25275
4.83691,-2.76497,0,-0.1185,0.29299,0.0136141,-3.7098,1.61176,0,-2.20656
4.84485,-2.74437,0,-0.116103,0.293757,0.0136141,-3.79682,-1.04706,0,-2.16213
4.85284,-2.72354,0,-0.113898,0.278993,0.0136141,-3.81514,1.51765,0,-2.12125
4.86082,-2.70272,0,-0.111789,0.2765,0.0136141,-3.76018,-1.03529,0,-2.08213
4.86893,-2.68164,0,-0.109967,0.250806,0.0135182,-3.65484,-1.57647,0,-2.04834
4.8779,-2.65842,0,-0.107954,0.243615,0.0136141,-3.56324,1.50588,0,-2.01098
4.8859,-2.63763,0,-0.105941,0.234411,0.0134223,-3.42126,1.08235,0,-1.97362
4.89511,-2.6138,0,-0.104215,0.220414,0.0133265,-3.23348,-0.129412,0,-1.94159
4.90395,-2.59067,0,-0.102393,0.20076,0.0131347,-3.1602,-1.64706,0,-1.90777
4.91282,-2.56719,0,-0.100763,0.170368,0.0128471,-3.08692,0.235294,0,-1.87751
4.92078,-2.54637,0,-0.0993253,0.162314,0.0127512,-3.0686,-1.03529,0,-1.8508
4.92893,-2.52527,0,-0.0981748,0.149467,0.0126553,-3.03654,0.0588235,0,-1.82943
4.93797,-2.502,0,-0.0970243,0.127129,0.0125595,-3.00906,-1.63529,0,-1.80806
4.94686,-2.47847,0,-0.0959697,0.121472,0.0123677,-2.94952,-2.96471,0,-1.78847
4.95526,-2.45672,0,-0.0950109,0.0860947,0.0122718,-2.977,-0.941176,0,-1.77066
4.96391,-2.43382,0,-0.0943398,0.088108,0.0122718,-2.977,-1.08235,0,-1.75819
4.97284,-2.4106,0,-0.0935728,0.0836978,0.012176,-2.88082,-1.42353,0,-1.74393
4.98082,-2.38972,0,-0.0929976,0.0549357,0.0119842,-2.87166,-0.764706,0,-1.73324
4.98947,-2.36844,0,-0.0925182,0.0435267,0.0118884,-2.84876,-0.364706,0,-1.72434
4.99796,-2.34524,0,-0.0922306,0.0378702,0.0118884,-2.80296,0.0823529,0,-1.71899
5.0069,-2.3217,0,-0.091943,0.031159,0.0116966,-2.7251,-1.69412,0,-1.71364
5.01598,-2.30081,0,-0.0916554,0.0309672,0.0115049,-2.6106,-2.55294,0,-1.7083
5.02489,-2.27449,0,-0.0914636,0.0267488,0.0113131,-2.51442,-3.6,0,-1.70473
5.03383,-2.25109,0,-0.0912719,0.0178325,0.0110255,-2.41824,-1.95294,0,-1.70117
5.0419,-2.23014,0,-0.091176,0.0119842,0.0107379,-2.33122,-2.24706,0,-1.69939
5.05134,-2.20518,0,-0.091176,0.0102585,0.0104502,-2.25794,-4.71765,0,-1.69939
5.05991,-2.18299,0,-0.0912719,-0.00575243,0.0102585,-2.20756,-5.48235,0,-1.70117
5.06789,-2.16206,0,-0.0914636,-0.0242561,0.0100667,-2.16634,-5.29412,0,-1.70473
5.07585,-2.14112,0,-0.0916554,-0.0358568,0.00997088,-2.1526,-5.72941,0,-1.7083
5.08395,-2.11999,0,-0.0920388,-0.0371032,0.009875,-2.11138,-3.71765,0,-1.71543
5.09278,-2.09657,0,-0.0923265,-0.0426638,0.00977913,-2.07932,-3.07059,0,-1.72077
5.10079,-2.07561,0,-0.09271,-0.048608,0.00968325,-2.05642,-3.89412,0,-1.7279
5.10936,-2.05405,0,-0.0930935,-0.0548398,0.00958738,-2.04268,-3.14118,0,-1.73503
5.11786,-2.031,0,-0.0935728,-0.0441019,0.00949151,-2.00146,-4.51765,0,-1.74393
5.12589,-2.01001,0,-0.0938604,-0.0269405,0.00929976,-1.86864,-4.24706,0,-1.74928
5.13385,-1.98903,0,-0.0940522,-0.0185036,0.00910801,-1.7404,-4,0,-1.75284
5.14292,-1.96514,0,-0.0941481,-0.0175449,0.00882039,-1.65338,-4.78824,0,-1.75462
5.15185,-1.94178,0,-0.0944357,-0.0341311,0.00853277,-1.63048,-4.18824,0,-1.75997
5.15992,-1.92078,0,-0.0947233,-0.0351857,0.00843689,-1.6259,-2.64706,0,-1.76531
5.16916,-1.89686,0,-0.0950109,-0.0264612,0.00834102,-1.58468,-2.47059,0,-1.77066
5.17793,-1.87345,0,-0.0952027,-0.0200376,0.00824515,-1.52972,-2.67059,0,-1.77422
5.18682,-1.84992,0,-0.0953944,-0.0227221,0.0080534,-1.5114,-3.71765,0,-1.77778
5.19476,-1.82891,0,-0.0955862,-0.029625,0.0080534,-1.5572,-3.04706,0,-1.78134
5.20292,-1.80762,0,-0.0958738,-0.0271323,0.0080534,-1.60758,-3.22353,0,-1.78669
5.21185,-1.78412,0,-0.0959697,-0.023585,0.0080534,-1.63048,-4.11765,0,-1.78847
5.21973,-1.76317,0,-0.0961614,-0.0187913,0.0080534,-1.65796,-4.78824,0,-1.79203
5.22899,-1.73946,0,-0.0962573,-0.0147646,0.0080534,-1.66712,-4.61176,0,-1.79381
5.23796,-1.71569,0,-0.0963532,-0.0123677,0.00795753,-1.63048,-4.89412,0,-1.79559
5.24686,-1.69217,0,-0.0963532,-0.00747816,0.00795753,-1.5572,-1.75294,0,-1.79559
5.25477,-1.67115,0,-0.0962573,0.00287621,0.00786165,-1.54346,-1.70588,0,-1.79381
5.2632,-1.64947,0,-0.0962573,0.0036432,0.00786165,-1.56636,-1.48235,0,-1.79381
5.27187,-1.6264,0,-0.0962573,0.00354733,0.00786165,-1.63048,-0.952941,0,-1.79381
5.2798,-1.60539,0,-0.0961614,0.00325971,0.00795753,-1.72208,-0.894118,0,-1.79203
5.28786,-1.58434,0,-0.0961614,0.00316384,0.00795753,-1.79994,-1.37647,0,-1.79203
5.29589,-1.563,0,-0.0961614,0.00297209,0.0080534,-1.9007,-0.917647,0,-1.79203
5.30487,-1.53956,0,-0.0960655,0.00278034,0.00814927,-1.9923,-0.917647,0,-1.79025
5.31284,-1.51851,0,-0.0960655,0.00268447,0.00824515,-2.0839,-1.54118,0,-1.79025
5.3217,-1.49539,0,-0.0960655,0.00258859,0.00824515,-2.14802,-1.25882,0,-1.79025
5.32995,-1.47355,0,-0.0959697,0.00824515,0.00834102,-2.10222,0.541176,0,-1.78847
5.3389,-1.45001,0,-0.0957779,0.016682,0.00824515,-2.12512,-0.905882,0,-1.78491
5.34682,-1.42892,0,-0.0957779,0.0130388,0.00824515,-2.13428,-2.70588,0,-1.78491
5.35511,-1.40727,0,-0.0956821,0.010642,0.00824515,-2.12054,-0.823529,0,-1.78313
5.36389,-1.38414,0,-0.0956821,0.0111214,0.00824515,-2.1297,-0.552941,0,-1.78313
5.37181,-1.36306,0,-0.0956821,0.010642,0.00834102,-2.1526,-0.541176,0,-1.78313
5.38047,-1.34197,0,-0.0956821,0.0100667,0.00834102,-2.15718,-0.964706,0,-1.78313
5.38892,-1.318,0,-0.0956821,0.0100667,0.00834102,-2.14344,-0.741176,0,-1.78313
5.39785,-1.2945,0,-0.0956821,0.00939563,0.00834102,-2.12512,-0.564706,0,-1.78313
5.40588,-1.27342,0,-0.0956821,0.00882039,0.00824515,-2.04726,-0.541176,0,-1.78313
5.4143,-1.25206,0,-0.0956821,0.00824515,0.00824515,-2.01062,-0.952941,0,-1.78313
5.42284,-1.22854,0,-0.0956821,0.00776578,0.00824515,-1.97856,-0.917647,0,-1.78313
5.43086,-1.20746,0,-0.0956821,0.00728641,0.00814927,-1.93276,-0.6,0,-1.78313
5.43872,-1.18632,0,-0.0956821,0.00680704,0.00814927,-1.88696,-0.494118,0,-1.78313
5.44695,-1.16483,0,-0.0956821,0.00680704,0.00814927,-1.87322,-1.05882,0,-1.78313
5.4559,-1.14143,0,-0.0956821,0.00632767,0.0080534,-1.85948,-0.8,0,-1.78313
5.46387,-1.12033,0,-0.0956821,0.00594418,0.00814927,-1.83658,-0.658824,0,-1.78313
5.47262,-1.09914,0,-0.0955862,0.0110255,0.0080534,-1.7633,1.41176,0,-1.78134
5.48088,-1.07529,0,-0.0953944,0.0310631,0.00795753,-1.58468,0.658824,0,-1.77778
5.48885,-1.05435,0,-0.0952027,0.0263653,0.00776578,-1.4656,1.03529,0,-1.77422
5.49684,-1.03325,0,-0.0950109,0.0222427,0.0076699,-1.42438,1.78824,0,-1.77066
5.50508,-1.01181,0,-0.0948192,0.0238726,0.00757403,-1.41522,1.67059,0,-1.76709
5.51384,-0.988272,0,-0.0946274,0.0294333,0.00757403,-1.40148,1.09412,0,-1.76353
5.52189,-0.967212,0,-0.0943398,0.0361444,0.00747816,-1.374,-0.0588235,0,-1.75819
5.52988,-0.946081,0,-0.0940522,0.0394041,0.00747816,-1.38316,0.176471,0,-1.75284
5.53797,-0.924708,0,-0.0936687,0.0441019,0.00738228,-1.39232,-0.329412,0,-1.74572
5.54687,-0.901063,0,-0.0933811,0.0360486,0.00738228,-1.44728,1.04706,0,-1.74037
5.55491,-0.880019,0,-0.0930935,0.0370073,0.00747816,-1.57094,2.09412,0,-1.73503
5.56475,-0.858823,0,-0.09271,0.0427597,0.00747816,-1.63964,1.55294,0,-1.7279
5.57291,-0.832302,0,-0.0924223,0.0468823,0.00757403,-1.71292,2.21176,0,-1.72255
5.58192,-0.80863,0,-0.0918471,0.0667282,0.00757403,-1.68544,-0.341176,0,-1.71186
5.58987,-0.787521,0,-0.0912719,0.0760279,0.00747816,-1.58926,-0.364706,0,-1.70117
5.59888,-0.763489,0,-0.0906007,0.0764114,0.00738228,-1.49766,0.541176,0,-1.6887
5.6068,-0.74255,0,-0.0899296,0.0749733,0.00738228,-1.4656,1.43529,0,-1.67622
5.61489,-0.721428,0,-0.0893544,0.0768908,0.00728641,-1.45186,0.317647,0,-1.66553
5.62479,-0.700273,0,-0.0887791,0.0777536,0.00728641,-1.4656,1.47059,0,-1.65483
5.63401,-0.671001,0,-0.0879163,0.0844648,0.00728641,-1.48392,1.75294,0,-1.63879
5.64284,-0.647356,0,-0.0872452,0.0813969,0.00728641,-1.50682,1.81176,0,-1.62631
5.65092,-0.626164,0,-0.086574,0.093477,0.00738228,-1.49766,0.364706,0,-1.61384
5.6599,-0.602152,0,-0.0858071,0.103064,0.00728641,-1.45644,0.635294,0,-1.59957
5.66887,-0.578572,0,-0.0848483,0.112268,0.00728641,-1.36942,1.49412,0,-1.58174
5.67683,-0.557466,0,-0.0838896,0.111693,0.00709466,-1.27324,0.435294,0,-1.56391
5.68629,-0.533063,0,-0.0830267,0.108625,0.00709466,-1.27782,1.91765,0,-1.54786
5.69495,-0.509762,0,-0.082068,0.120226,0.00699879,-1.2595,3,0,-1.53003
5.70286,-0.488674,0,-0.0810134,0.128279,0.00699879,-1.22286,1.09412,0,-1.51041
5.71078,-0.467521,0,-0.0799587,0.122143,0.00690291,-1.21828,0.776471,0,-1.49079
5.71906,-0.445989,0,-0.079,0.125691,0.00690291,-1.22744,0.905882,0,-1.47296
5.72789,-0.422351,0,-0.0783289,0.138154,0.00690291,-1.18164,2.16471,0,-1.46047
5.73691,-0.398644,0,-0.0768908,0.131443,0.00680704,-1.18622,3.48235,0,-1.43371
5.74558,-0.37756,0,-0.0756444,0.148413,0.00671117,-1.15416,0.8,0,-1.41051
5.75393,-0.3536,0,-0.0743022,0.144674,0.00661529,-1.13126,2.54118,0,-1.38553
5.76291,-0.329902,0,-0.0731517,0.154165,0.00651942,-1.09462,2.23529,0,-1.36412
5.7709,-0.308701,0,-0.0718095,0.14755,0.00642354,-1.09462,2.50588,0,-1.33913
5.77912,-0.287233,0,-0.070659,0.161931,0.00642354,-1.10378,3,0,-1.31771
5.78787,-0.263723,0,-0.0693168,0.155795,0.00632767,-1.1221,1.75294,0,-1.29272
5.7959,-0.242541,0,-0.0679745,0.157233,0.0062318,-1.15416,4.25882,0,-1.26773
5.80389,-0.221378,0,-0.0666323,0.158671,0.00613592,-1.17706,2.62353,0,-1.24273
5.81197,-0.199767,0,-0.0654818,0.157904,0.0062318,-1.22286,2.17647,0,-1.22131
5.82086,-0.176356,0,-0.0641396,0.160109,0.00613592,-1.2137,2.55294,0,-1.19631
5.82883,-0.155236,0,-0.0627015,0.17286,0.00613592,-1.19996,3.65882,0,-1.16952
5.83684,-0.134039,0,-0.0613592,0.178996,0.00604005,-1.10378,1.98824,0,-1.14452
5.84597,-0.110039,0,-0.0599211,0.174107,0.00594418,-1.04882,4.72941,0,-1.11772
5.85491,-0.0863591,0,-0.0583871,0.18101,0.00594418,-0.99844,3.45882,0,-1.08914
5.86285,-0.0652332,0,-0.0567573,0.175257,0.0058483,-0.96638,2.54118,0,-1.05877
5.8713,-0.043141,0,-0.0554151,0.185228,0.0058483,-0.94348,2.30588,0,-1.03376
5.87993,-0.0201725,0,-0.0537852,0.181297,0.00575243,-0.92974,3.23529,0,-1.00339
5.88788,0.000937745,0,-0.052443,0.200376,0.00575243,-0.87936,2.54118,0,-0.978368
5.89589,0.0221116,0,-0.050909,0.190789,0.00565655,-0.81066,2.10588,0,-0.949776
5.9039,0.0435474,0,-0.0494709,0.196637,0.00565655,-0.78776,2.64706,0,-0.922968
5.91289,0.0671563,0,-0.0479369,0.195774,0.00556068,-0.7328,3.17647,0,-0.894371
5.92077,0.0883061,0,-0.046307,0.19635,0.00556068,-0.67326,5.42353,0,-0.863985
5.92895,0.109577,0,-0.0447731,0.20843,0.00546481,-0.00458,1.50588,0,-0.835384
5.93804,0.133556,0,-0.0435267,0.208621,0.00536893,-0.5725,2.68235,0,-0.812144
5.94684,0.157138,0,-0.0413216,0.206608,0.00527306,-0.55876,2.37647,0,-0.771024
5.95489,0.178324,0,-0.0396918,0.200376,0.00527306,-0.60456,2.05882,0,-0.740629
5.96326,0.200345,0,-0.0381578,0.197692,0.00527306,-0.59082,3.05882,0,-0.712019
5.97185,0.22346,0,-0.0366238,0.210251,0.00517719,-0.55876,3.50588,0,-0.683409
5.97987,0.24453,0,-0.0348022,0.206896,0.00508131,-0.50838,1.67059,0,-0.649431
5.98897,0.265667,0,-0.0331723,0.210539,0.00508131,-0.46716,3.83529,0,-0.619028
5.99795,0.29231,0,-0.0312549,0.213415,0.00498544,-0.4351,3.56471,0,-0.583258
6.00688,0.316023,0,-0.0294333,0.216867,0.00488956,-0.40762,1.38824,0,-0.549275
6.01482,0.337136,0,-0.0276117,0.224345,0.00488956,-0.39388,2.54118,0,-0.51529
6.02307,0.358614,0,-0.0258859,0.220989,0.00479369,-0.32518,2.29412,0,-0.483092
6.03186,0.382102,0,-0.0241602,0.217921,0.00469782,-0.3206,1.25882,0,-0.450892
6.03986,0.403245,0,-0.0223386,0.20632,0.00460194,-0.35266,1.70588,0,-0.416902
6.04787,0.424405,0,-0.0207087,0.21121,0.00469782,-0.39388,3.18824,0,-0.386489
6.05691,0.448489,0,-0.0190789,0.204978,0.00460194,-0.42594,2.72941,0,-0.356075
6.0659,0.472076,0,-0.0171614,0.204115,0.00450607,-0.41678,3.14118,0,-0.320292
6.07475,0.494871,0,-0.0153398,0.208621,0.00441019,-0.41678,3.29412,0,-0.286297
6.08406,0.519702,0,-0.0141893,0.196541,0.00441019,-0.4351,3.48235,0,-0.264826
6.09284,0.543513,0,-0.0116966,0.210251,0.00431432,-0.38014,1.70588,0,-0.218305
6.10084,0.564636,0,-0.009875,0.216291,0.00421845,-0.31602,2.37647,0,-0.184308
6.10883,0.585791,0,-0.00824515,0.205649,0.00412257,-0.30686,1.72941,0,-0.153889
6.11791,0.609813,0,-0.00661529,0.204211,0.0040267,-0.2748,3.50588,0,-0.12347
6.12692,0.633463,0,-0.00488956,0.204882,0.0040267,-0.2519,2.78824,0,-0.0912604
6.13786,0.662603,0,-0.00316384,0.192419,0.00393083,-0.28854,6.67059,0,-0.059051
6.14787,0.689139,0,-0.00115049,0.201431,0.00393083,-0.21984,3.71765,0,-0.0214731
6.15695,0.713037,0,0.000862864,0.212936,0.00373908,-0.0687,2.67059,0,0.0161048
6.16588,0.736582,0,0.00258859,0.201623,0.0036432,-0.00458,2.27059,0,0.0483145
6.17463,0.758311,0,0.00431432,0.188967,0.00354733,0.0458,3.04706,0,0.080524
6.18298,0.781506,0,0.00594418,0.198363,0.00345146,0.11908,3.11765,0,0.110944
6.19184,0.805259,0,0.00738228,0.191748,0.00335558,0.1603,1.38824,0,0.137785
6.19989,0.826396,0,0.00910801,0.191172,0.00325971,0.21526,1.90588,0,0.169993
6.20893,0.85041,0,0.0104502,0.187913,0.00316384,0.21068,3.57647,0,0.195044
6.21686,0.871361,0,0.0120801,0.178517,0.00316384,0.21068,5.2,0,0.225462
6.22483,0.892469,0,0.0135182,0.185995,0.00306796,0.26106,0.729412,0,0.252302
6.23303,0.913623,0,0.0148604,0.186283,0.00297209,0.26106,4.23529,0,0.277351
6.24197,0.937631,0,0.0162985,0.190022,0.00287621,0.31144,3.52941,0,0.304189
6.25089,0.961177,0,0.0179284,0.185036,0.00278034,0.34808,1.56471,0,0.334605
6.25899,0.982327,0,0.0194624,0.172093,0.00278034,0.3435,3.55294,0,0.363231
6.26893,1.00903,0,0.0208046,0.170751,0.00268447,0.34808,3.11765,0,0.388278
6.27781,1.03256,0,0.0224345,0.166053,0.00268447,0.3206,3.77647,0,0.418691
6.28589,1.0536,0,0.0238726,0.160493,0.00258859,0.31602,1.8,0,0.445525
6.29522,1.07471,0,0.0251189,0.159726,0.00268447,0.28854,4,0,0.468781
6.30386,1.10133,0,0.026557,0.168834,0.00258859,0.35266,2.82353,0,0.495613
6.31283,1.12489,0,0.0279951,0.166149,0.00249272,0.4122,2.83529,0,0.522445
6.32083,1.146,0,0.0294333,0.155507,0.00239684,0.4809,3.05882,0,0.549275
6.32929,1.16808,0,0.0306796,0.153877,0.00230097,0.48548,3.24706,0,0.572527
6.33796,1.19104,0,0.0315425,0.156754,0.00230097,0.51754,4.01176,0,0.588624
6.34683,1.21471,0,0.0331723,0.139688,0.0022051,0.5038,5.58824,0,0.619028
6.35619,1.23573,0,0.0344187,0.152823,0.0022051,0.5267,2.02353,0,0.642278
6.36686,1.26755,0,0.0356651,0.123581,0.00210922,0.47174,3.58824,0,0.665526
6.3749,1.28848,0,0.0370073,0.137771,0.00210922,0.43968,3.32941,0,0.690561
6.38285,1.30956,0,0.0380619,0.117254,0.00210922,0.4122,4.52941,0,0.710231
6.39191,1.33362,0,0.0390206,0.121856,0.00201335,0.39846,1.89412,0,0.728112
6.40081,1.35714,0,0.0401711,0.118308,0.00201335,0.42136,3.78824,0,0.749569
6.4088,1.37816,0,0.0412257,0.117925,0.00191748,0.46258,4.44706,0,0.769236
6.41822,1.40151,0,0.0421845,0.112172,0.0018216,0.50838,3.87059,0,0.787115
6.42684,1.42567,0,0.0431432,0.103352,0.0018216,0.53128,5.08235,0,0.804993
6.43497,1.44665,0,0.0441019,0.0875328,0.00172573,0.50838,5.24706,0,0.82287
6.44393,1.47038,0,0.0447731,0.0926141,0.00172573,0.52212,3.18824,0,0.835384
6.45293,1.49432,0,0.0456359,0.0920388,0.00162985,0.58624,3.77647,0,0.851472
6.46191,1.51778,0,0.0464988,0.0952027,0.00153398,0.67784,3.54118,0,0.86756
6.47083,1.54145,0,0.0474575,0.0958738,0.00134223,0.78318,3.6,0,0.885434
6.47933,1.56325,0,0.0482245,0.0845607,0.00115049,0.86104,4.03529,0,0.899733
6.48796,1.58624,0,0.0487998,0.0795753,0.00115049,0.87478,3.76471,0,0.910457
